{
    "Objects": [
        {
            "name": "StaticObj_CementWorks_Conveyor_Up2",
            "pos": [
                12339.1982421875,
                16.195865631103517,
                3542.828857421875
            ],
            "ypr": [
                179.9998321533203,
                0.0,
                -0.0
            ],
            "scale": 0.9999998807907105
        }
    ]
}